tuoi,gioi_tinh,thu_nhap,tinh_thanh,nghe_nghiep,tan_suat_mua_hang,gia_tri_tb_don,so_lan_tra_tre,no_xau,dsr,chap_nhan
39,0,50.12,Đà Nẵng,Lao động tự do,22,0.63,4,1,0.46,1
48,0,74.98,Hồ Chí Minh,Khác,29,2.16,3,1,0.21,0
35,0,45.99,Cần Thơ,Khác,27,9.74,5,1,0.15,1
30,0,63.32,Cần Thơ,Lao động tự do,2,8.61,4,1,0.37,0
13,1,0.0,Đà Lạt,Học sinh,25,3.08,4,1,0.0,0
34,0,13.09,Cần Thơ,Lao động tự do,13,3.94,1,1,0.5,0
24,1,61.09,Hồ Chí Minh,Khác,28,9.7,1,1,0.37,0
24,1,34.42,Đà Lạt,Lao động tự do,20,5.89,0,0,0.27,1
12,0,0.0,Hải Phòng,Học sinh,24,9.87,0,0,0.0,0
19,0,74.02,Hà Nội,Văn phòng,2,7.72,4,1,0.66,0
19,0,15.72,Hà Nội,Lao động tự do,22,6.7,4,1,0.54,0
45,0,44.46,Hà Nội,Văn phòng,14,7.15,0,0,0.53,0
18,0,12.29,Đà Nẵng,Khác,12,2.06,0,0,0.29,1
43,0,58.59,Hải Phòng,Khác,28,2.33,2,1,0.52,1
44,0,82.33,Đà Lạt,Sinh viên,11,4.19,5,1,0.42,1
38,0,19.9,Đà Lạt,Lao động tự do,24,6.49,0,0,0.59,1
20,1,20.79,Đà Nẵng,Khác,11,2.48,2,1,0.29,0
17,1,0.0,Hà Nội,Học sinh,16,2.58,3,1,0.0,0
30,0,23.33,Hà Nội,Sinh viên,23,0.42,0,0,0.69,0
49,1,57.78,Hà Nội,Buôn bán,25,9.86,3,1,0.15,0
16,0,0.0,Đà Lạt,Học sinh,19,9.84,5,1,0.0,0
14,0,0.0,Cần Thơ,Học sinh,5,6.97,2,1,0.0,0
45,1,74.0,Đà Nẵng,Văn phòng,30,2.3,3,1,0.66,0
46,1,28.82,Hà Nội,Sinh viên,30,8.78,2,1,0.24,0
12,1,0.0,Cần Thơ,Học sinh,1,9.96,5,1,0.0,1
43,1,26.98,Đà Nẵng,Buôn bán,8,3.52,2,1,0.61,0
14,1,0.0,Cần Thơ,Học sinh,16,1.66,5,1,0.0,1
25,0,53.71,Đà Lạt,Khác,2,6.54,0,0,0.21,0
24,0,42.98,Cần Thơ,Khác,7,8.5,0,0,0.28,1
26,0,97.57,Đà Lạt,Văn phòng,12,4.89,2,1,0.36,0
16,1,0.0,Hà Nội,Học sinh,27,7.24,2,1,0.0,0
15,1,0.0,Hà Nội,Học sinh,27,4.73,5,1,0.0,1
26,1,95.78,Hà Nội,Văn phòng,28,4.31,4,1,0.44,1
45,0,38.52,Hải Phòng,Lao động tự do,17,5.59,5,1,0.52,0
31,1,42.28,Đà Lạt,Sinh viên,30,5.21,1,1,0.29,1
16,0,0.0,Đà Lạt,Học sinh,9,8.1,2,1,0.0,0
29,1,89.8,Hồ Chí Minh,Buôn bán,14,3.79,1,1,0.36,1
33,0,58.84,Hồ Chí Minh,Văn phòng,28,8.4,1,1,0.12,0
18,0,84.51,Đà Lạt,Khác,27,2.2,4,1,0.37,1
39,1,67.37,Đà Nẵng,Lao động tự do,19,1.37,1,1,0.41,0
15,1,0.0,Đà Nẵng,Học sinh,25,0.83,4,1,0.0,0
31,0,92.37,Hà Nội,Khác,14,2.54,5,1,0.16,0
36,0,95.94,Hà Nội,Buôn bán,6,6.59,4,1,0.47,0
32,1,18.81,Đà Nẵng,Lao động tự do,15,8.08,3,1,0.2,0
53,1,67.16,Đà Lạt,Sinh viên,1,2.65,1,1,0.48,0
16,1,0.0,Hải Phòng,Học sinh,3,6.18,1,1,0.0,0
50,1,51.24,Cần Thơ,Văn phòng,18,8.22,3,1,0.33,1
22,0,34.66,Cần Thơ,Sinh viên,11,1.05,1,1,0.12,1
13,1,0.0,Hải Phòng,Học sinh,9,0.28,1,1,0.0,0
40,1,13.53,Hải Phòng,Lao động tự do,24,8.04,0,0,0.43,1
33,0,47.14,Đà Nẵng,Văn phòng,17,2.54,5,1,0.44,0
28,0,58.09,Hà Nội,Buôn bán,19,8.27,5,1,0.28,0
21,1,91.48,Hải Phòng,Lao động tự do,11,3.58,3,1,0.67,1
37,1,59.83,Hải Phòng,Văn phòng,20,7.54,0,0,0.17,1
26,0,59.46,Đà Lạt,Sinh viên,4,7.38,4,1,0.31,0
35,0,85.46,Hồ Chí Minh,Lao động tự do,13,7.02,1,1,0.34,1
35,0,17.64,Hải Phòng,Sinh viên,18,5.83,4,1,0.32,1
15,0,0.0,Cần Thơ,Học sinh,5,7.1,2,1,0.0,1
27,0,49.1,Đà Nẵng,Khác,12,0.16,3,1,0.44,1
23,0,76.98,Hà Nội,Buôn bán,2,5.85,5,1,0.34,0
17,1,0.0,Hà Nội,Học sinh,20,9.63,3,1,0.0,1
33,0,72.59,Hải Phòng,Buôn bán,24,5.25,0,0,0.23,0
17,0,0.0,Đà Lạt,Học sinh,2,9.02,0,0,0.0,1
37,1,51.01,Đà Lạt,Sinh viên,27,3.39,1,1,0.21,0
27,1,33.4,Hồ Chí Minh,Sinh viên,26,7.0,0,0,0.27,1
21,1,21.99,Hải Phòng,Buôn bán,2,8.23,1,1,0.35,0
17,1,0.0,Hồ Chí Minh,Học sinh,17,5.54,4,1,0.0,0
13,1,0.0,Hà Nội,Học sinh,14,1.55,4,1,0.0,1
14,1,0.0,Đà Nẵng,Học sinh,16,8.39,1,1,0.0,0
15,0,0.0,Đà Lạt,Học sinh,16,5.37,4,1,0.0,1
44,0,44.01,Hải Phòng,Buôn bán,20,4.53,5,1,0.25,0
43,1,70.45,Hà Nội,Lao động tự do,1,3.61,1,1,0.4,0
36,0,60.48,Hồ Chí Minh,Văn phòng,29,7.93,0,0,0.18,0
46,0,73.37,Đà Lạt,Buôn bán,18,9.04,3,1,0.69,0
37,1,59.27,Đà Nẵng,Sinh viên,0,7.85,3,1,0.28,0
15,0,0.0,Hải Phòng,Học sinh,9,9.27,1,1,0.0,1
30,1,98.2,Hải Phòng,Lao động tự do,20,3.51,5,1,0.48,0
58,0,46.03,Hà Nội,Văn phòng,15,6.43,3,1,0.31,1
23,0,97.58,Hải Phòng,Văn phòng,28,1.96,2,1,0.59,0
20,0,42.78,Đà Lạt,Sinh viên,13,3.33,2,1,0.12,1
14,1,0.0,Đà Lạt,Học sinh,30,3.8,0,0,0.0,0
14,1,0.0,Hà Nội,Học sinh,28,9.86,5,1,0.0,0
33,0,51.63,Đà Lạt,Lao động tự do,12,0.67,2,1,0.25,1
33,0,57.94,Cần Thơ,Khác,14,1.09,4,1,0.21,0
13,0,0.0,Đà Lạt,Học sinh,29,1.24,0,0,0.0,0
14,1,0.0,Hồ Chí Minh,Học sinh,8,5.01,3,1,0.0,0
25,0,60.8,Hà Nội,Sinh viên,9,2.87,5,1,0.64,0
35,1,31.35,Đà Nẵng,Văn phòng,21,2.29,5,1,0.25,0
36,1,82.53,Đà Lạt,Văn phòng,23,8.97,2,1,0.41,0
38,1,87.9,Đà Lạt,Lao động tự do,5,9.75,5,1,0.2,1
13,1,0.0,Đà Nẵng,Học sinh,18,8.39,4,1,0.0,0
34,1,27.96,Đà Nẵng,Khác,19,2.46,0,0,0.47,0
33,1,63.45,Đà Nẵng,Buôn bán,5,3.4,1,1,0.43,0
39,0,17.91,Hồ Chí Minh,Sinh viên,30,6.83,0,0,0.17,1
40,0,84.76,Đà Nẵng,Khác,11,4.11,4,1,0.54,1
32,0,93.38,Đà Nẵng,Lao động tự do,21,0.53,4,1,0.18,1
30,1,31.21,Đà Lạt,Khác,13,5.25,3,1,0.29,0
39,1,90.97,Đà Lạt,Sinh viên,28,3.05,0,0,0.24,1
37,1,20.52,Hải Phòng,Sinh viên,5,3.36,2,1,0.3,0
42,0,76.73,Cần Thơ,Buôn bán,26,7.9,5,1,0.55,0
35,0,78.62,Hà Nội,Văn phòng,26,7.56,5,1,0.59,0
30,0,45.76,Cần Thơ,Lao động tự do,28,5.42,4,1,0.24,1
39,0,32.66,Đà Nẵng,Sinh viên,4,8.28,5,1,0.65,0
53,1,23.8,Đà Nẵng,Sinh viên,12,1.43,1,1,0.47,0
47,0,43.7,Cần Thơ,Lao động tự do,8,4.27,4,1,0.16,1
41,0,20.19,Hà Nội,Văn phòng,20,1.7,3,1,0.17,1
18,0,14.93,Đà Nẵng,Khác,8,2.1,0,0,0.1,0
50,0,92.79,Hồ Chí Minh,Lao động tự do,1,4.68,2,1,0.54,0
33,0,61.99,Cần Thơ,Văn phòng,19,4.22,0,0,0.32,1
38,1,29.14,Cần Thơ,Khác,16,1.82,3,1,0.38,0
29,1,37.89,Hải Phòng,Khác,29,7.51,2,1,0.58,0
25,0,13.29,Hà Nội,Khác,29,8.37,2,1,0.14,1
18,1,60.37,Đà Lạt,Sinh viên,30,1.07,4,1,0.15,1
22,1,67.96,Đà Nẵng,Sinh viên,27,8.02,3,1,0.6,1
14,0,0.0,Đà Nẵng,Học sinh,30,0.25,5,1,0.0,0
22,0,18.95,Đà Nẵng,Buôn bán,23,7.24,5,1,0.6,0
42,1,46.58,Hải Phòng,Buôn bán,22,8.97,1,1,0.15,0
38,1,73.36,Hải Phòng,Văn phòng,0,8.18,3,1,0.3,1
43,0,84.76,Cần Thơ,Văn phòng,4,4.12,5,1,0.32,1
29,1,88.16,Hồ Chí Minh,Văn phòng,23,9.85,0,0,0.39,1
16,1,0.0,Hồ Chí Minh,Học sinh,24,2.62,5,1,0.0,1
38,1,57.31,Hồ Chí Minh,Khác,12,6.93,4,1,0.11,1
27,1,46.47,Cần Thơ,Buôn bán,5,8.31,4,1,0.11,0
14,0,0.0,Đà Lạt,Học sinh,7,2.54,4,1,0.0,1
34,0,47.69,Hà Nội,Sinh viên,27,7.72,5,1,0.13,0
36,0,16.14,Đà Nẵng,Văn phòng,10,2.92,3,1,0.53,0
32,1,45.7,Hồ Chí Minh,Văn phòng,23,9.37,4,1,0.39,0
37,0,95.97,Đà Nẵng,Lao động tự do,10,3.38,1,1,0.38,0
16,0,0.0,Hà Nội,Học sinh,10,6.0,0,0,0.0,0
37,1,10.21,Hải Phòng,Văn phòng,18,2.76,1,1,0.16,0
21,0,58.77,Hà Nội,Văn phòng,23,7.6,4,1,0.56,0
32,1,91.3,Hà Nội,Khác,11,2.25,1,1,0.13,1
37,1,92.39,Hà Nội,Sinh viên,13,1.25,0,0,0.22,0
22,0,52.68,Hải Phòng,Văn phòng,29,0.6,2,1,0.29,1
15,1,0.0,Đà Nẵng,Học sinh,27,4.84,2,1,0.0,1
48,0,58.46,Cần Thơ,Sinh viên,21,3.22,1,1,0.41,0
38,1,12.2,Hồ Chí Minh,Lao động tự do,9,9.9,2,1,0.62,0
47,0,46.17,Đà Lạt,Văn phòng,20,4.82,3,1,0.69,0
16,0,0.0,Cần Thơ,Học sinh,0,2.43,2,1,0.0,0
28,1,74.4,Cần Thơ,Khác,4,0.47,0,0,0.65,0
15,0,0.0,Cần Thơ,Học sinh,26,9.5,4,1,0.0,0
43,1,99.03,Đà Lạt,Lao động tự do,6,9.91,2,1,0.34,1
37,0,56.14,Đà Nẵng,Khác,9,0.52,0,0,0.23,0
40,1,29.47,Đà Lạt,Văn phòng,8,9.28,1,1,0.42,0
46,1,72.64,Hồ Chí Minh,Văn phòng,23,8.98,2,1,0.23,0
17,0,0.0,Cần Thơ,Học sinh,4,0.96,0,0,0.0,0
37,1,68.97,Hải Phòng,Văn phòng,4,7.37,1,1,0.35,0
38,0,57.93,Hồ Chí Minh,Văn phòng,4,2.24,4,1,0.64,1
60,1,84.22,Hải Phòng,Sinh viên,23,6.64,2,1,0.62,0
29,1,86.55,Cần Thơ,Văn phòng,26,1.65,4,1,0.6,0
28,1,89.28,Đà Nẵng,Sinh viên,25,4.68,1,1,0.18,0
39,0,83.62,Hồ Chí Minh,Khác,13,7.58,3,1,0.1,0
25,0,43.9,Hà Nội,Khác,23,8.2,5,1,0.27,0
15,1,0.0,Hồ Chí Minh,Học sinh,27,1.84,4,1,0.0,0
36,1,16.11,Cần Thơ,Lao động tự do,26,1.71,3,1,0.14,0
14,1,0.0,Hồ Chí Minh,Học sinh,17,8.72,4,1,0.0,0
50,0,71.5,Cần Thơ,Văn phòng,25,1.63,1,1,0.7,0
34,0,72.43,Hải Phòng,Buôn bán,19,8.41,5,1,0.24,0
32,0,94.93,Đà Lạt,Văn phòng,15,8.58,3,1,0.34,0
23,0,38.87,Hà Nội,Văn phòng,5,2.34,4,1,0.22,1
40,1,26.7,Cần Thơ,Lao động tự do,16,0.96,2,1,0.61,0
34,0,12.93,Cần Thơ,Văn phòng,27,9.68,3,1,0.58,0
20,0,60.26,Hà Nội,Khác,15,4.94,5,1,0.45,0
41,1,23.46,Hải Phòng,Văn phòng,20,0.77,1,1,0.39,1
38,0,13.57,Hà Nội,Văn phòng,21,7.5,0,0,0.25,1
39,1,73.22,Cần Thơ,Khác,9,7.77,1,1,0.3,0
17,0,0.0,Hải Phòng,Học sinh,0,8.25,1,1,0.0,0
44,1,28.01,Hồ Chí Minh,Sinh viên,22,6.72,2,1,0.17,1
12,1,0.0,Hà Nội,Học sinh,17,9.36,1,1,0.0,1
41,1,53.6,Đà Nẵng,Lao động tự do,10,8.95,3,1,0.46,1
32,0,75.23,Hà Nội,Văn phòng,11,2.51,4,1,0.39,1
22,0,40.32,Đà Lạt,Văn phòng,7,8.72,4,1,0.5,0
21,1,58.82,Hồ Chí Minh,Sinh viên,26,6.52,1,1,0.34,0
46,0,85.64,Hà Nội,Khác,16,8.69,1,1,0.55,0
35,1,58.9,Cần Thơ,Lao động tự do,18,5.81,3,1,0.12,0
50,1,81.37,Hồ Chí Minh,Lao động tự do,6,2.8,2,1,0.27,0
48,0,21.84,Hồ Chí Minh,Văn phòng,7,4.08,5,1,0.21,0
42,1,86.89,Hải Phòng,Khác,12,4.4,5,1,0.62,0
17,1,0.0,Hồ Chí Minh,Học sinh,16,3.94,0,0,0.0,0
46,0,21.78,Hải Phòng,Văn phòng,12,2.41,2,1,0.63,0
27,0,70.25,Hồ Chí Minh,Sinh viên,8,4.34,3,1,0.45,1
15,1,0.0,Đà Lạt,Học sinh,27,0.41,4,1,0.0,0
38,0,62.68,Hà Nội,Lao động tự do,14,5.6,2,1,0.17,0
39,0,94.29,Hải Phòng,Sinh viên,28,6.42,2,1,0.37,1
52,0,45.76,Hà Nội,Buôn bán,17,9.65,2,1,0.11,0
42,0,54.0,Đà Nẵng,Buôn bán,11,5.35,5,1,0.28,1
40,1,24.05,Hồ Chí Minh,Sinh viên,5,8.69,5,1,0.25,1
26,0,11.58,Hồ Chí Minh,Sinh viên,17,6.2,0,0,0.12,1
41,1,84.42,Hà Nội,Khác,15,6.53,1,1,0.31,0
36,0,87.98,Hà Nội,Khác,24,8.71,0,0,0.15,0
18,1,70.08,Hồ Chí Minh,Văn phòng,5,9.02,4,1,0.58,0
25,0,59.0,Đà Lạt,Văn phòng,24,3.32,0,0,0.32,0
57,0,59.11,Cần Thơ,Buôn bán,2,2.31,1,1,0.45,0
46,1,51.71,Hồ Chí Minh,Khác,2,5.45,1,1,0.39,0
35,0,32.15,Cần Thơ,Sinh viên,3,6.1,5,1,0.55,0
23,0,27.62,Hải Phòng,Văn phòng,22,8.97,4,1,0.64,0
33,0,19.13,Cần Thơ,Văn phòng,28,6.19,4,1,0.27,0
40,0,64.93,Hồ Chí Minh,Lao động tự do,17,4.03,4,1,0.35,0
36,0,73.81,Cần Thơ,Văn phòng,23,7.94,4,1,0.25,1
21,1,59.52,Đà Lạt,Lao động tự do,23,5.29,2,1,0.1,1
27,1,64.99,Cần Thơ,Buôn bán,25,3.64,1,1,0.64,0
28,0,37.19,Hải Phòng,Sinh viên,23,8.24,3,1,0.5,1
57,1,25.12,Hồ Chí Minh,Văn phòng,2,8.7,0,0,0.23,0
22,0,64.64,Đà Nẵng,Buôn bán,10,2.36,5,1,0.48,0
16,1,0.0,Đà Nẵng,Học sinh,17,4.07,5,1,0.0,0
15,0,0.0,Đà Nẵng,Học sinh,13,1.09,1,1,0.0,0
29,1,30.4,Cần Thơ,Buôn bán,8,6.19,4,1,0.41,0
24,1,67.62,Đà Nẵng,Buôn bán,7,8.81,1,1,0.51,0
41,0,75.76,Đà Lạt,Sinh viên,29,3.37,5,1,0.44,1
54,0,25.34,Hà Nội,Buôn bán,9,1.01,0,0,0.59,0
18,1,20.78,Cần Thơ,Lao động tự do,18,1.57,4,1,0.54,0
16,0,0.0,Đà Lạt,Học sinh,19,6.25,1,1,0.0,1
17,0,0.0,Cần Thơ,Học sinh,19,7.1,5,1,0.0,0
30,0,44.28,Hồ Chí Minh,Sinh viên,1,9.37,0,0,0.41,1
38,0,92.75,Hồ Chí Minh,Khác,10,5.77,3,1,0.61,0
13,1,0.0,Đà Lạt,Học sinh,12,3.84,1,1,0.0,1
59,0,83.69,Cần Thơ,Khác,14,4.06,1,1,0.19,0
45,1,21.93,Hồ Chí Minh,Khác,21,3.17,5,1,0.18,1
39,0,55.23,Cần Thơ,Khác,8,8.26,4,1,0.32,0
33,1,79.91,Hà Nội,Sinh viên,27,3.15,5,1,0.63,0
34,1,11.59,Hải Phòng,Khác,1,6.52,2,1,0.33,0
36,1,98.53,Hà Nội,Sinh viên,18,1.75,4,1,0.17,0
31,0,65.62,Cần Thơ,Văn phòng,3,9.97,0,0,0.24,0
18,1,21.76,Cần Thơ,Buôn bán,19,4.08,4,1,0.31,0
44,1,44.84,Hải Phòng,Khác,4,0.16,1,1,0.18,0
29,0,58.18,Hải Phòng,Khác,0,3.27,1,1,0.24,1
38,0,13.84,Hải Phòng,Sinh viên,16,1.14,3,1,0.49,0
30,1,76.36,Đà Lạt,Buôn bán,7,8.12,4,1,0.34,0
26,1,21.98,Hải Phòng,Buôn bán,16,6.6,0,0,0.51,0
34,0,80.31,Hồ Chí Minh,Buôn bán,27,6.39,1,1,0.33,0
15,0,0.0,Hà Nội,Học sinh,22,5.21,2,1,0.0,0
36,0,14.3,Hải Phòng,Lao động tự do,7,0.89,2,1,0.5,1
21,1,41.47,Hà Nội,Văn phòng,14,9.43,2,1,0.21,0
25,0,84.75,Đà Lạt,Buôn bán,7,2.69,5,1,0.15,0
12,0,0.0,Hà Nội,Học sinh,1,6.69,2,1,0.0,0
44,1,39.0,Đà Lạt,Khác,3,2.96,1,1,0.46,0
34,1,13.94,Đà Nẵng,Lao động tự do,16,9.28,0,0,0.32,1
29,1,93.55,Hà Nội,Lao động tự do,11,2.01,5,1,0.11,1
27,1,87.52,Đà Lạt,Sinh viên,16,2.62,1,1,0.48,0
43,1,69.05,Đà Lạt,Khác,10,3.23,5,1,0.69,1
42,0,19.71,Hồ Chí Minh,Buôn bán,20,7.27,2,1,0.68,0
58,0,55.75,Đà Lạt,Lao động tự do,30,1.1,4,1,0.16,0
13,1,0.0,Hải Phòng,Học sinh,25,0.14,0,0,0.0,1
45,0,18.93,Cần Thơ,Văn phòng,9,6.59,0,0,0.43,1
46,0,59.88,Hồ Chí Minh,Văn phòng,21,8.49,1,1,0.12,1
28,0,78.28,Hồ Chí Minh,Khác,19,3.3,2,1,0.61,0
26,0,74.99,Hồ Chí Minh,Văn phòng,23,2.21,1,1,0.33,0
18,1,25.02,Đà Lạt,Buôn bán,27,7.95,3,1,0.34,1
36,1,60.53,Đà Nẵng,Buôn bán,3,0.58,1,1,0.46,1
28,1,54.84,Đà Nẵng,Lao động tự do,13,1.53,4,1,0.55,1
18,0,23.27,Cần Thơ,Buôn bán,22,7.37,0,0,0.15,0
43,1,78.99,Đà Nẵng,Văn phòng,24,9.33,4,1,0.2,1
43,1,95.53,Đà Nẵng,Lao động tự do,4,1.89,4,1,0.69,0
43,0,84.85,Đà Lạt,Văn phòng,12,6.99,2,1,0.28,1
29,0,51.56,Đà Lạt,Sinh viên,19,8.04,1,1,0.66,0
21,1,75.51,Đà Lạt,Sinh viên,17,9.1,0,0,0.1,0
38,1,69.13,Cần Thơ,Khác,3,0.18,3,1,0.13,0
29,0,80.84,Cần Thơ,Văn phòng,9,2.76,5,1,0.36,1
29,1,15.64,Hà Nội,Khác,25,5.64,4,1,0.42,0
34,0,75.92,Hồ Chí Minh,Khác,10,9.64,4,1,0.13,0
23,0,60.88,Hải Phòng,Khác,18,3.12,4,1,0.47,0
16,0,0.0,Hồ Chí Minh,Học sinh,3,4.21,0,0,0.0,1
16,0,0.0,Hải Phòng,Học sinh,1,4.07,2,1,0.0,0
40,0,65.16,Hà Nội,Khác,13,4.61,0,0,0.36,0
30,1,47.06,Hà Nội,Khác,28,7.51,3,1,0.14,0
55,0,98.03,Hồ Chí Minh,Lao động tự do,18,7.87,4,1,0.2,0
25,1,32.99,Đà Lạt,Khác,28,4.54,1,1,0.55,0
39,0,40.93,Đà Lạt,Sinh viên,11,5.41,3,1,0.58,0
14,0,0.0,Hồ Chí Minh,Học sinh,18,4.44,2,1,0.0,0
38,1,67.11,Cần Thơ,Sinh viên,22,6.44,5,1,0.42,0
48,1,24.94,Cần Thơ,Lao động tự do,15,8.58,2,1,0.64,0
29,0,90.46,Cần Thơ,Khác,27,8.21,4,1,0.36,1
29,0,82.32,Hà Nội,Khác,13,3.23,0,0,0.35,1
38,1,18.37,Hải Phòng,Buôn bán,3,7.21,1,1,0.23,0
27,0,87.24,Cần Thơ,Văn phòng,19,9.19,5,1,0.53,0
18,1,54.48,Cần Thơ,Văn phòng,2,8.8,5,1,0.2,1
28,1,31.59,Hà Nội,Sinh viên,19,9.06,2,1,0.37,1
12,0,0.0,Đà Lạt,Học sinh,4,8.07,5,1,0.0,1
30,0,38.34,Cần Thơ,Văn phòng,23,0.74,5,1,0.61,0
37,1,56.14,Hồ Chí Minh,Văn phòng,5,3.64,4,1,0.12,0
33,1,82.67,Đà Lạt,Khác,27,6.67,1,1,0.49,1
38,0,19.99,Đà Nẵng,Văn phòng,23,3.83,5,1,0.62,0
34,0,11.62,Đà Lạt,Văn phòng,7,7.41,1,1,0.68,0
14,0,0.0,Đà Lạt,Học sinh,2,7.55,0,0,0.0,1
49,0,75.4,Đà Lạt,Buôn bán,26,6.3,0,0,0.27,1
18,1,84.21,Đà Lạt,Khác,20,3.01,2,1,0.54,0
40,1,86.7,Cần Thơ,Văn phòng,8,3.34,5,1,0.64,0
29,1,34.1,Hà Nội,Buôn bán,13,8.56,4,1,0.14,1
18,1,76.38,Hà Nội,Văn phòng,8,9.1,3,1,0.62,0
15,1,0.0,Hải Phòng,Học sinh,21,4.37,0,0,0.0,0
51,0,63.25,Đà Lạt,Lao động tự do,28,6.41,3,1,0.16,0
48,0,33.64,Đà Lạt,Buôn bán,23,6.03,0,0,0.4,1
43,1,31.5,Hà Nội,Khác,9,9.72,4,1,0.38,1
37,0,52.69,Hải Phòng,Khác,16,5.19,5,1,0.61,0
31,1,49.47,Cần Thơ,Văn phòng,29,4.0,5,1,0.66,0
18,0,83.64,Hà Nội,Buôn bán,20,3.48,0,0,0.12,1
31,0,45.51,Đà Nẵng,Khác,11,7.31,4,1,0.53,0
15,0,0.0,Hồ Chí Minh,Học sinh,25,7.23,0,0,0.0,1
28,0,64.34,Hà Nội,Khác,17,2.6,3,1,0.33,0
46,0,91.03,Đà Nẵng,Sinh viên,11,0.85,0,0,0.67,1
14,1,0.0,Hồ Chí Minh,Học sinh,10,6.01,5,1,0.0,1
56,0,23.89,Hà Nội,Khác,2,7.25,2,1,0.54,0
18,1,53.74,Đà Lạt,Văn phòng,12,4.02,4,1,0.17,0
17,0,0.0,Hà Nội,Học sinh,27,3.9,2,1,0.0,0
28,0,37.57,Hà Nội,Văn phòng,25,5.92,3,1,0.58,1
18,1,62.4,Hà Nội,Lao động tự do,25,3.73,5,1,0.52,0
28,1,48.75,Cần Thơ,Sinh viên,3,0.5,0,0,0.31,0
47,1,63.64,Cần Thơ,Buôn bán,16,6.79,4,1,0.42,1
30,1,19.47,Hà Nội,Lao động tự do,16,1.45,4,1,0.24,1
30,0,12.79,Hải Phòng,Văn phòng,26,1.64,1,1,0.29,0
33,1,91.01,Hồ Chí Minh,Buôn bán,28,3.74,3,1,0.29,1
26,1,64.62,Cần Thơ,Lao động tự do,29,3.93,4,1,0.68,0
35,0,59.83,Hà Nội,Buôn bán,1,1.72,4,1,0.6,0
22,1,96.98,Hải Phòng,Sinh viên,6,5.47,0,0,0.45,0
26,0,54.0,Hồ Chí Minh,Văn phòng,18,7.83,2,1,0.63,0
14,1,0.0,Hồ Chí Minh,Học sinh,4,7.32,3,1,0.0,1
37,1,58.0,Đà Lạt,Buôn bán,11,0.43,5,1,0.57,0
12,1,0.0,Cần Thơ,Học sinh,13,0.39,5,1,0.0,0
39,1,53.51,Cần Thơ,Văn phòng,5,5.91,1,1,0.39,0
18,1,61.96,Đà Nẵng,Khác,18,8.95,2,1,0.34,1
60,0,52.88,Hải Phòng,Lao động tự do,30,1.14,3,1,0.1,1
17,1,0.0,Đà Nẵng,Học sinh,2,4.51,4,1,0.0,1
54,0,75.04,Hồ Chí Minh,Buôn bán,21,5.3,5,1,0.49,1
17,1,0.0,Đà Nẵng,Học sinh,24,7.94,2,1,0.0,1
32,0,11.29,Đà Lạt,Sinh viên,0,3.45,4,1,0.54,0
40,1,65.22,Hà Nội,Buôn bán,7,4.02,1,1,0.15,0
39,0,37.55,Đà Lạt,Khác,7,1.15,3,1,0.45,1
18,0,16.92,Đà Nẵng,Buôn bán,22,8.43,3,1,0.52,0
37,1,70.02,Hải Phòng,Sinh viên,30,2.36,2,1,0.58,1
35,0,85.8,Đà Nẵng,Khác,16,6.42,4,1,0.12,0
31,0,21.06,Hà Nội,Văn phòng,16,7.21,5,1,0.37,1
23,1,74.26,Cần Thơ,Khác,19,3.07,5,1,0.44,0
42,0,46.13,Hồ Chí Minh,Văn phòng,30,2.88,1,1,0.59,0
12,1,0.0,Hà Nội,Học sinh,30,1.93,4,1,0.0,0
26,1,19.17,Hà Nội,Khác,0,1.34,0,0,0.61,0
46,1,49.04,Đà Nẵng,Lao động tự do,16,3.8,3,1,0.51,0
26,0,32.88,Hà Nội,Sinh viên,10,6.68,0,0,0.27,0
39,0,36.82,Hà Nội,Lao động tự do,20,4.78,2,1,0.49,0
34,1,19.99,Cần Thơ,Buôn bán,13,7.72,0,0,0.13,1
46,0,47.42,Hải Phòng,Sinh viên,1,2.16,0,0,0.62,1
44,0,36.58,Cần Thơ,Khác,23,9.31,3,1,0.54,0
51,1,71.4,Hải Phòng,Lao động tự do,21,2.03,3,1,0.15,0
35,0,34.08,Hà Nội,Buôn bán,20,6.9,4,1,0.33,0
24,0,95.4,Cần Thơ,Khác,2,4.95,5,1,0.42,0
35,0,70.98,Hà Nội,Buôn bán,19,4.58,0,0,0.41,1
40,1,16.87,Hải Phòng,Văn phòng,14,8.08,1,1,0.21,0
26,0,67.77,Hà Nội,Buôn bán,11,0.06,2,1,0.5,0
42,0,12.12,Đà Nẵng,Lao động tự do,10,8.31,0,0,0.27,0
38,1,64.3,Đà Nẵng,Văn phòng,12,7.49,3,1,0.13,1
15,0,0.0,Hải Phòng,Học sinh,17,6.46,3,1,0.0,1
15,0,0.0,Hồ Chí Minh,Học sinh,6,1.45,1,1,0.0,1
36,0,23.23,Đà Nẵng,Văn phòng,20,5.3,3,1,0.33,1
33,0,75.25,Hà Nội,Văn phòng,24,8.91,0,0,0.51,1
39,0,66.78,Cần Thơ,Sinh viên,10,0.49,0,0,0.67,0
36,1,93.58,Hải Phòng,Buôn bán,29,4.62,1,1,0.21,0
39,1,50.1,Đà Lạt,Văn phòng,11,8.98,3,1,0.61,1
51,1,19.8,Đà Nẵng,Buôn bán,3,9.52,2,1,0.69,0
24,0,92.74,Hà Nội,Văn phòng,22,0.78,5,1,0.11,0
35,0,97.96,Hải Phòng,Lao động tự do,22,3.96,1,1,0.39,1
40,0,69.99,Đà Nẵng,Khác,26,9.6,1,1,0.56,0
15,0,0.0,Hồ Chí Minh,Học sinh,4,3.8,3,1,0.0,0
43,0,75.6,Hồ Chí Minh,Văn phòng,26,2.58,2,1,0.12,0
30,0,91.12,Hồ Chí Minh,Buôn bán,21,4.01,2,1,0.67,0
14,0,0.0,Hà Nội,Học sinh,19,0.95,5,1,0.0,1
13,0,0.0,Đà Nẵng,Học sinh,13,6.24,4,1,0.0,0
46,0,91.2,Đà Nẵng,Lao động tự do,25,9.19,3,1,0.12,1
13,0,0.0,Hải Phòng,Học sinh,0,1.79,1,1,0.0,1
16,0,0.0,Cần Thơ,Học sinh,10,5.66,4,1,0.0,0
32,0,22.94,Đà Nẵng,Sinh viên,6,8.95,1,1,0.64,0
36,0,28.4,Hồ Chí Minh,Lao động tự do,7,1.9,2,1,0.46,0
44,0,16.21,Đà Nẵng,Khác,14,8.8,0,0,0.35,1
28,1,84.23,Hồ Chí Minh,Buôn bán,1,8.77,4,1,0.27,0
47,0,59.2,Đà Lạt,Buôn bán,8,0.05,0,0,0.14,0
16,1,0.0,Đà Lạt,Học sinh,28,4.4,2,1,0.0,0
41,1,76.77,Cần Thơ,Lao động tự do,4,7.6,1,1,0.28,0
14,1,0.0,Đà Nẵng,Học sinh,13,1.3,2,1,0.0,1
23,0,45.39,Đà Lạt,Lao động tự do,20,1.54,2,1,0.35,1
40,1,13.82,Đà Lạt,Văn phòng,24,3.65,3,1,0.48,0
36,1,56.25,Hà Nội,Buôn bán,24,1.76,0,0,0.66,1
30,1,12.78,Hà Nội,Văn phòng,8,1.99,4,1,0.23,1
44,0,73.11,Hà Nội,Buôn bán,11,6.73,4,1,0.67,0
41,1,44.59,Cần Thơ,Văn phòng,18,7.83,2,1,0.11,1
43,1,18.78,Hải Phòng,Khác,23,7.06,2,1,0.52,0
33,0,20.66,Hà Nội,Văn phòng,15,8.01,2,1,0.67,0
18,1,24.15,Hà Nội,Văn phòng,3,6.27,1,1,0.62,0
46,1,84.95,Đà Lạt,Buôn bán,18,6.3,3,1,0.5,0
16,1,0.0,Đà Lạt,Học sinh,10,1.95,3,1,0.0,1
15,0,0.0,Hà Nội,Học sinh,13,6.07,2,1,0.0,0
54,1,71.69,Hà Nội,Sinh viên,4,0.77,5,1,0.32,1
29,1,80.29,Đà Lạt,Buôn bán,21,6.03,3,1,0.27,0
38,0,11.03,Hà Nội,Sinh viên,29,5.21,0,0,0.16,1
43,1,48.05,Hà Nội,Lao động tự do,26,5.22,2,1,0.46,0
45,1,35.87,Hồ Chí Minh,Văn phòng,9,6.91,1,1,0.46,0
33,0,72.62,Đà Lạt,Buôn bán,18,6.26,1,1,0.26,0
27,1,70.84,Đà Nẵng,Văn phòng,0,6.74,5,1,0.29,0
56,1,29.18,Hải Phòng,Lao động tự do,18,8.84,2,1,0.56,0
25,0,46.73,Hải Phòng,Khác,16,3.89,0,0,0.43,1
31,1,70.52,Hà Nội,Sinh viên,15,6.67,1,1,0.1,0
39,1,17.59,Đà Nẵng,Văn phòng,24,4.37,3,1,0.36,1
50,0,31.78,Cần Thơ,Sinh viên,19,2.08,0,0,0.59,0
47,0,29.3,Hà Nội,Lao động tự do,4,0.82,1,1,0.14,0
50,1,43.5,Hồ Chí Minh,Văn phòng,22,8.39,5,1,0.33,0
51,1,45.77,Đà Lạt,Buôn bán,5,7.44,2,1,0.41,0
40,0,40.02,Hà Nội,Sinh viên,27,3.72,5,1,0.62,0
29,0,66.72,Hồ Chí Minh,Văn phòng,10,6.4,5,1,0.36,0
31,0,55.01,Hải Phòng,Lao động tự do,10,6.01,4,1,0.28,0
48,0,12.55,Đà Lạt,Buôn bán,27,1.1,2,1,0.35,1
16,1,0.0,Đà Lạt,Học sinh,15,5.19,0,0,0.0,0
40,1,19.94,Đà Nẵng,Buôn bán,4,0.13,3,1,0.25,0
13,0,0.0,Hải Phòng,Học sinh,19,8.73,4,1,0.0,0
44,1,41.9,Đà Lạt,Buôn bán,9,2.75,0,0,0.29,1
20,0,87.29,Hải Phòng,Khác,9,8.85,3,1,0.62,0
12,0,0.0,Đà Lạt,Học sinh,28,4.62,4,1,0.0,1
35,0,24.88,Hải Phòng,Lao động tự do,7,8.64,4,1,0.54,0
25,1,75.92,Hà Nội,Khác,18,2.45,1,1,0.48,0
18,0,64.7,Hồ Chí Minh,Sinh viên,13,1.71,5,1,0.26,0
18,1,48.6,Đà Nẵng,Khác,18,6.81,1,1,0.2,0
49,0,61.79,Đà Lạt,Văn phòng,28,5.35,4,1,0.52,0
24,0,78.83,Hồ Chí Minh,Buôn bán,2,2.08,0,0,0.67,1
35,0,16.21,Đà Nẵng,Khác,28,4.11,4,1,0.48,1
44,1,77.74,Hà Nội,Lao động tự do,28,8.22,0,0,0.39,0
16,0,0.0,Đà Lạt,Học sinh,18,8.21,0,0,0.0,1
45,0,46.88,Hải Phòng,Văn phòng,24,8.05,2,1,0.27,0
40,1,86.31,Cần Thơ,Khác,19,6.5,4,1,0.37,0
27,0,99.75,Cần Thơ,Khác,26,0.48,2,1,0.23,0
20,0,14.08,Đà Lạt,Văn phòng,30,7.1,2,1,0.33,1
15,0,0.0,Cần Thơ,Học sinh,1,7.74,0,0,0.0,1
16,1,0.0,Hồ Chí Minh,Học sinh,15,7.53,1,1,0.0,1
21,0,65.84,Đà Nẵng,Văn phòng,28,3.9,3,1,0.22,1
41,1,48.98,Hà Nội,Buôn bán,25,8.9,4,1,0.42,1
20,1,74.48,Hải Phòng,Lao động tự do,21,3.89,2,1,0.21,0
35,1,26.91,Đà Lạt,Sinh viên,16,5.87,1,1,0.33,1
44,1,34.48,Hà Nội,Sinh viên,5,5.36,2,1,0.66,0
15,1,0.0,Hải Phòng,Học sinh,20,6.96,4,1,0.0,1
40,1,78.48,Hải Phòng,Khác,5,7.88,1,1,0.52,0
41,1,51.76,Hà Nội,Lao động tự do,21,0.39,4,1,0.63,1
22,1,90.81,Đà Lạt,Lao động tự do,26,5.17,4,1,0.36,1
46,1,83.14,Đà Nẵng,Sinh viên,28,0.72,2,1,0.7,0
24,1,12.02,Hải Phòng,Văn phòng,26,8.5,5,1,0.44,0
32,0,11.29,Đà Lạt,Buôn bán,13,9.17,0,0,0.56,0
33,1,46.21,Đà Nẵng,Văn phòng,18,5.83,4,1,0.48,1
41,1,45.03,Hải Phòng,Sinh viên,19,5.72,2,1,0.66,0
18,0,54.47,Đà Nẵng,Buôn bán,21,8.05,3,1,0.66,0
21,0,42.62,Hồ Chí Minh,Văn phòng,21,3.76,2,1,0.2,0
12,0,0.0,Hà Nội,Học sinh,21,2.79,2,1,0.0,1
35,0,50.76,Cần Thơ,Lao động tự do,13,1.74,3,1,0.51,0
29,0,50.94,Cần Thơ,Văn phòng,19,9.61,2,1,0.48,1
18,0,92.92,Hồ Chí Minh,Buôn bán,25,7.42,3,1,0.31,0
40,1,17.61,Hồ Chí Minh,Buôn bán,19,8.82,5,1,0.5,0
26,0,82.24,Đà Nẵng,Buôn bán,2,2.05,4,1,0.64,0
17,1,0.0,Hải Phòng,Học sinh,13,3.39,4,1,0.0,1
17,0,0.0,Hồ Chí Minh,Học sinh,28,0.9,2,1,0.0,1
44,1,52.75,Hồ Chí Minh,Lao động tự do,17,2.72,1,1,0.14,0
18,0,81.85,Hải Phòng,Lao động tự do,13,6.32,4,1,0.24,0
30,0,70.66,Cần Thơ,Lao động tự do,3,2.14,5,1,0.64,0
18,0,60.71,Đà Lạt,Khác,29,1.41,5,1,0.57,0
33,1,53.91,Cần Thơ,Văn phòng,16,4.45,1,1,0.59,0
40,0,70.05,Đà Lạt,Sinh viên,7,6.66,1,1,0.29,0
51,0,94.64,Hà Nội,Buôn bán,25,1.99,1,1,0.38,1
30,1,87.38,Đà Lạt,Lao động tự do,17,1.28,3,1,0.35,0
45,0,83.61,Hà Nội,Buôn bán,5,5.7,0,0,0.41,1
18,1,69.55,Cần Thơ,Khác,5,1.36,3,1,0.2,1
43,0,84.31,Đà Lạt,Văn phòng,21,6.06,5,1,0.68,0
14,1,0.0,Đà Lạt,Học sinh,9,3.71,2,1,0.0,0
29,0,70.55,Hải Phòng,Văn phòng,8,2.56,4,1,0.62,0
39,1,66.11,Hải Phòng,Khác,9,7.94,3,1,0.33,0
27,0,53.75,Hà Nội,Lao động tự do,17,9.49,5,1,0.47,1
32,0,51.97,Hải Phòng,Văn phòng,24,7.04,1,1,0.56,0
29,0,84.48,Hải Phòng,Khác,12,6.76,5,1,0.22,0
48,1,52.15,Hà Nội,Văn phòng,11,5.04,3,1,0.27,1
15,1,0.0,Hà Nội,Học sinh,2,7.55,0,0,0.0,0
37,0,35.29,Hải Phòng,Lao động tự do,29,6.97,2,1,0.58,0
26,0,68.64,Đà Nẵng,Văn phòng,0,2.41,4,1,0.61,1
46,1,48.8,Hồ Chí Minh,Khác,7,7.76,2,1,0.35,0
26,0,70.11,Hồ Chí Minh,Buôn bán,18,6.39,2,1,0.47,1
48,1,55.57,Hồ Chí Minh,Khác,21,2.81,2,1,0.3,0
51,1,73.56,Hà Nội,Sinh viên,22,4.38,2,1,0.29,0
38,1,94.51,Hà Nội,Văn phòng,17,9.29,3,1,0.2,0
35,0,50.39,Đà Lạt,Lao động tự do,30,5.04,1,1,0.1,0
13,1,0.0,Cần Thơ,Học sinh,18,9.05,4,1,0.0,0
25,1,46.22,Hà Nội,Văn phòng,30,3.6,3,1,0.65,0
13,1,0.0,Hà Nội,Học sinh,29,9.41,4,1,0.0,0
16,1,0.0,Đà Lạt,Học sinh,29,4.88,3,1,0.0,0
52,1,63.65,Đà Lạt,Sinh viên,13,6.34,0,0,0.33,0
43,1,93.84,Cần Thơ,Văn phòng,27,8.74,2,1,0.35,0
47,0,82.09,Đà Nẵng,Lao động tự do,4,1.03,4,1,0.38,0
38,1,80.52,Hải Phòng,Buôn bán,7,0.37,5,1,0.62,0
32,0,77.33,Đà Nẵng,Sinh viên,28,2.5,3,1,0.69,0
30,0,30.39,Hồ Chí Minh,Sinh viên,14,5.77,0,0,0.45,0
53,0,16.88,Hà Nội,Buôn bán,2,3.54,5,1,0.58,0
30,0,92.16,Hà Nội,Sinh viên,2,2.25,4,1,0.45,1
45,0,28.38,Hải Phòng,Buôn bán,27,1.23,5,1,0.15,0
24,1,68.87,Hải Phòng,Sinh viên,17,9.71,0,0,0.66,1
26,0,79.62,Đà Nẵng,Lao động tự do,14,6.63,0,0,0.49,0
39,1,65.06,Hồ Chí Minh,Văn phòng,16,9.0,1,1,0.16,0
39,1,58.4,Hồ Chí Minh,Buôn bán,4,0.75,5,1,0.21,0
30,1,56.64,Đà Lạt,Lao động tự do,1,5.59,5,1,0.29,1
13,0,0.0,Hải Phòng,Học sinh,7,0.55,3,1,0.0,1
29,0,35.71,Hà Nội,Sinh viên,29,7.54,1,1,0.13,1
38,1,10.73,Đà Nẵng,Lao động tự do,23,8.45,5,1,0.16,1
42,1,85.98,Hồ Chí Minh,Khác,7,5.5,0,0,0.29,1
40,0,72.7,Đà Nẵng,Văn phòng,30,3.98,0,0,0.23,1
43,0,21.92,Đà Lạt,Khác,21,7.84,2,1,0.37,1
17,1,0.0,Cần Thơ,Học sinh,0,4.34,2,1,0.0,1
27,0,59.18,Hải Phòng,Sinh viên,29,7.77,1,1,0.2,0
13,1,0.0,Đà Lạt,Học sinh,24,6.92,5,1,0.0,0
14,0,0.0,Đà Lạt,Học sinh,19,3.39,1,1,0.0,0
24,0,95.34,Hải Phòng,Văn phòng,6,1.4,5,1,0.62,1
31,1,10.87,Đà Lạt,Sinh viên,2,0.34,1,1,0.67,0
21,0,62.95,Hồ Chí Minh,Văn phòng,12,5.68,5,1,0.43,0
23,0,29.96,Đà Lạt,Văn phòng,16,2.3,4,1,0.15,0
31,1,40.37,Đà Lạt,Lao động tự do,11,2.91,5,1,0.55,0
33,0,72.44,Hải Phòng,Lao động tự do,19,1.66,1,1,0.23,0
52,0,76.05,Cần Thơ,Lao động tự do,30,3.64,5,1,0.18,0
50,1,27.41,Đà Lạt,Khác,29,9.76,3,1,0.63,1
26,0,47.02,Đà Nẵng,Lao động tự do,5,8.76,0,0,0.18,1
39,1,42.44,Hải Phòng,Sinh viên,25,0.4,3,1,0.15,1
28,0,97.96,Cần Thơ,Sinh viên,29,3.55,2,1,0.45,1
31,0,50.18,Hải Phòng,Văn phòng,1,3.34,0,0,0.4,1
49,0,35.1,Đà Nẵng,Buôn bán,10,5.58,3,1,0.46,0
25,0,78.88,Hà Nội,Lao động tự do,1,6.04,3,1,0.16,0
28,0,86.22,Đà Nẵng,Sinh viên,11,1.56,2,1,0.46,1
18,1,79.17,Đà Lạt,Sinh viên,28,4.67,1,1,0.24,1
16,1,0.0,Hồ Chí Minh,Học sinh,21,1.35,5,1,0.0,0
29,0,76.07,Đà Nẵng,Sinh viên,1,1.88,0,0,0.66,0
46,1,85.78,Hà Nội,Lao động tự do,6,6.33,0,0,0.5,1
39,0,69.74,Hồ Chí Minh,Khác,13,4.01,3,1,0.46,0
36,1,40.69,Đà Lạt,Buôn bán,25,4.1,5,1,0.53,0
27,0,91.02,Hải Phòng,Khác,24,3.11,4,1,0.51,1
26,0,69.57,Hải Phòng,Văn phòng,7,1.32,5,1,0.54,0
27,0,21.46,Đà Lạt,Buôn bán,13,1.39,3,1,0.65,0
32,1,75.6,Hải Phòng,Lao động tự do,26,3.02,2,1,0.1,1
17,1,0.0,Đà Nẵng,Học sinh,21,0.97,4,1,0.0,1
26,0,59.78,Hà Nội,Văn phòng,30,5.51,5,1,0.5,1
28,0,25.92,Hà Nội,Văn phòng,14,9.77,2,1,0.42,1
32,1,51.74,Đà Lạt,Văn phòng,30,3.3,0,0,0.34,1
25,1,76.47,Hải Phòng,Khác,4,5.81,3,1,0.44,0
49,0,99.52,Đà Lạt,Lao động tự do,26,6.21,4,1,0.5,1
28,1,30.34,Hải Phòng,Lao động tự do,7,9.64,2,1,0.39,0
42,0,68.67,Cần Thơ,Lao động tự do,15,1.1,3,1,0.38,0
54,1,32.71,Hồ Chí Minh,Văn phòng,5,6.55,3,1,0.64,1
34,1,90.43,Đà Lạt,Văn phòng,6,6.43,4,1,0.7,0
42,1,11.88,Cần Thơ,Khác,23,9.24,4,1,0.56,0
15,1,0.0,Đà Lạt,Học sinh,10,9.31,5,1,0.0,0
32,1,32.58,Hà Nội,Lao động tự do,22,3.21,2,1,0.68,0
34,0,19.57,Đà Nẵng,Khác,13,3.58,4,1,0.62,0
13,0,0.0,Đà Lạt,Học sinh,26,6.61,5,1,0.0,1
27,1,94.65,Hà Nội,Khác,21,1.4,0,0,0.19,1
30,1,24.63,Đà Lạt,Buôn bán,27,1.67,0,0,0.47,1
42,0,42.73,Đà Lạt,Lao động tự do,28,5.79,4,1,0.25,0
43,0,45.67,Đà Nẵng,Lao động tự do,27,8.79,2,1,0.19,0
36,0,57.13,Hà Nội,Lao động tự do,13,7.56,0,0,0.6,0
32,1,37.63,Cần Thơ,Văn phòng,30,9.41,0,0,0.29,1
41,0,74.99,Đà Lạt,Sinh viên,7,8.03,2,1,0.41,0
40,1,40.77,Hà Nội,Buôn bán,21,0.91,4,1,0.27,0
47,1,20.48,Hải Phòng,Sinh viên,17,6.01,2,1,0.38,1
38,0,41.78,Cần Thơ,Sinh viên,28,0.73,1,1,0.6,0
16,0,0.0,Hà Nội,Học sinh,22,2.51,5,1,0.0,0
47,0,61.44,Hà Nội,Lao động tự do,12,8.21,4,1,0.46,1
29,1,49.77,Đà Nẵng,Văn phòng,14,1.47,1,1,0.22,0
37,1,56.05,Đà Lạt,Khác,18,8.84,1,1,0.19,0
45,0,99.51,Hải Phòng,Buôn bán,8,5.6,4,1,0.17,1
60,1,91.25,Hà Nội,Khác,16,6.47,0,0,0.3,1
15,0,0.0,Hồ Chí Minh,Học sinh,24,1.31,1,1,0.0,1
38,0,22.83,Cần Thơ,Khác,12,0.96,3,1,0.15,0
14,1,0.0,Đà Nẵng,Học sinh,14,4.17,3,1,0.0,0
36,1,18.86,Hà Nội,Lao động tự do,2,9.68,5,1,0.54,0
22,0,62.89,Hải Phòng,Khác,12,4.78,3,1,0.14,0
14,0,0.0,Đà Nẵng,Học sinh,2,3.28,1,1,0.0,1
40,0,54.09,Cần Thơ,Khác,0,4.13,5,1,0.21,1
52,1,84.94,Cần Thơ,Sinh viên,26,0.73,5,1,0.14,1
18,0,51.37,Đà Nẵng,Sinh viên,5,4.06,3,1,0.7,0
29,1,70.23,Hải Phòng,Văn phòng,10,7.02,5,1,0.66,0
14,0,0.0,Hà Nội,Học sinh,12,2.28,2,1,0.0,1
23,1,13.9,Hồ Chí Minh,Văn phòng,26,2.65,0,0,0.55,0
23,1,33.52,Hải Phòng,Buôn bán,20,0.66,3,1,0.41,0
34,0,91.72,Đà Lạt,Sinh viên,28,7.36,4,1,0.29,0
26,0,66.31,Hải Phòng,Văn phòng,16,3.65,4,1,0.25,1
15,0,0.0,Hà Nội,Học sinh,29,5.79,0,0,0.0,0
34,0,65.05,Đà Nẵng,Buôn bán,21,9.13,0,0,0.3,0
40,1,62.92,Hồ Chí Minh,Lao động tự do,25,0.72,0,0,0.15,0
18,1,74.34,Đà Lạt,Sinh viên,17,2.87,3,1,0.32,1
23,0,33.94,Hà Nội,Lao động tự do,14,1.58,3,1,0.52,0
24,0,83.45,Hồ Chí Minh,Sinh viên,3,9.97,1,1,0.23,0
18,1,92.06,Đà Lạt,Văn phòng,8,7.61,1,1,0.51,1
24,0,37.3,Hải Phòng,Buôn bán,18,8.87,0,0,0.19,0
12,0,0.0,Hồ Chí Minh,Học sinh,12,4.31,3,1,0.0,0
31,0,38.19,Hồ Chí Minh,Khác,4,2.36,2,1,0.1,0
30,1,43.32,Hà Nội,Khác,24,3.27,2,1,0.61,0
30,1,53.76,Đà Lạt,Khác,7,8.13,1,1,0.29,1
33,0,87.28,Hải Phòng,Sinh viên,26,7.86,3,1,0.19,1
35,0,68.12,Đà Lạt,Khác,25,2.47,5,1,0.29,1
18,0,50.09,Đà Lạt,Khác,15,3.32,5,1,0.67,1
35,0,17.38,Hà Nội,Khác,21,2.56,2,1,0.48,0
36,0,29.59,Đà Nẵng,Văn phòng,6,3.86,0,0,0.59,1
16,1,0.0,Cần Thơ,Học sinh,8,3.11,0,0,0.0,1
29,1,85.5,Đà Nẵng,Buôn bán,30,7.07,4,1,0.32,1
38,0,46.7,Hồ Chí Minh,Lao động tự do,13,3.29,5,1,0.31,1
44,1,45.38,Hải Phòng,Văn phòng,29,9.12,4,1,0.69,0
27,1,25.44,Hà Nội,Lao động tự do,17,4.43,4,1,0.12,0
14,1,0.0,Đà Lạt,Học sinh,21,4.77,4,1,0.0,1
48,0,27.61,Cần Thơ,Khác,15,8.54,0,0,0.18,0
31,1,69.47,Hải Phòng,Sinh viên,29,5.98,0,0,0.36,1
31,0,29.77,Hải Phòng,Văn phòng,8,5.56,5,1,0.61,0
21,1,16.08,Đà Nẵng,Buôn bán,17,7.24,0,0,0.52,0
49,1,74.68,Đà Nẵng,Buôn bán,8,7.51,3,1,0.7,0
20,1,45.26,Hà Nội,Sinh viên,17,4.55,0,0,0.37,1
32,0,99.0,Hồ Chí Minh,Sinh viên,23,3.24,5,1,0.25,0
50,0,87.66,Cần Thơ,Khác,28,7.08,5,1,0.62,0
21,0,48.53,Đà Nẵng,Sinh viên,24,2.95,2,1,0.32,0
36,1,54.37,Đà Lạt,Văn phòng,8,5.39,0,0,0.67,0
25,0,80.48,Đà Lạt,Sinh viên,21,7.19,2,1,0.3,0
30,0,83.91,Hà Nội,Sinh viên,28,1.23,0,0,0.67,0
27,1,29.11,Cần Thơ,Buôn bán,27,7.71,1,1,0.4,0
18,0,64.53,Cần Thơ,Văn phòng,11,2.93,5,1,0.67,0
32,1,84.68,Hồ Chí Minh,Văn phòng,21,7.41,3,1,0.5,0
21,1,43.96,Đà Nẵng,Sinh viên,12,1.9,1,1,0.23,0
40,1,22.71,Hà Nội,Văn phòng,22,8.3,5,1,0.33,1
33,0,27.28,Đà Nẵng,Sinh viên,1,4.53,0,0,0.65,1
22,0,67.21,Hà Nội,Sinh viên,6,6.21,1,1,0.46,1
23,1,48.34,Hà Nội,Khác,18,2.41,1,1,0.44,1
14,1,0.0,Đà Lạt,Học sinh,27,2.08,5,1,0.0,0
18,1,27.94,Cần Thơ,Sinh viên,27,0.3,1,1,0.29,0
40,1,17.84,Đà Nẵng,Buôn bán,8,0.85,5,1,0.28,0
20,0,83.11,Hồ Chí Minh,Buôn bán,3,9.26,4,1,0.44,0
29,0,59.2,Hải Phòng,Sinh viên,22,2.86,1,1,0.42,0
24,0,78.38,Hải Phòng,Lao động tự do,30,0.09,2,1,0.54,0
20,1,38.26,Hà Nội,Văn phòng,26,4.68,4,1,0.62,0
37,0,50.04,Hồ Chí Minh,Sinh viên,20,1.94,0,0,0.65,0
14,1,0.0,Hà Nội,Học sinh,10,7.97,1,1,0.0,0
33,1,64.12,Hải Phòng,Lao động tự do,13,7.43,4,1,0.55,0
13,1,0.0,Đà Lạt,Học sinh,7,7.5,3,1,0.0,1
31,1,63.68,Hà Nội,Lao động tự do,0,7.5,4,1,0.33,0
32,0,96.14,Hồ Chí Minh,Lao động tự do,13,8.07,0,0,0.64,0
24,1,28.54,Đà Lạt,Buôn bán,3,0.59,1,1,0.69,0
13,1,0.0,Cần Thơ,Học sinh,19,8.58,5,1,0.0,1
33,1,87.0,Hồ Chí Minh,Lao động tự do,13,5.76,1,1,0.66,0
31,1,83.42,Cần Thơ,Buôn bán,29,3.29,2,1,0.3,1
27,0,71.23,Đà Nẵng,Văn phòng,14,4.33,1,1,0.54,0
16,0,0.0,Đà Nẵng,Học sinh,5,2.16,4,1,0.0,1
13,0,0.0,Đà Lạt,Học sinh,23,7.4,5,1,0.0,0
18,1,14.75,Đà Lạt,Sinh viên,25,1.06,2,1,0.28,0
36,0,25.71,Cần Thơ,Lao động tự do,1,3.83,5,1,0.64,0
40,1,27.28,Cần Thơ,Văn phòng,18,4.9,0,0,0.46,1
49,0,56.74,Cần Thơ,Sinh viên,9,8.14,3,1,0.15,0
42,1,22.32,Đà Lạt,Khác,29,9.33,0,0,0.3,1
41,0,38.44,Cần Thơ,Khác,9,9.21,1,1,0.13,1
58,1,31.29,Đà Nẵng,Khác,23,4.78,1,1,0.14,0
38,1,27.55,Hồ Chí Minh,Lao động tự do,13,8.29,1,1,0.14,0
20,0,44.46,Hồ Chí Minh,Văn phòng,30,0.5,0,0,0.61,0
15,0,0.0,Hồ Chí Minh,Học sinh,2,8.61,4,1,0.0,0
18,1,89.63,Hải Phòng,Khác,20,1.04,3,1,0.7,1
50,1,35.67,Hà Nội,Sinh viên,18,6.87,5,1,0.39,1
43,1,18.61,Hà Nội,Khác,1,0.61,1,1,0.65,0
24,1,56.38,Hải Phòng,Khác,25,5.17,3,1,0.64,0
28,0,64.29,Hải Phòng,Sinh viên,1,0.15,1,1,0.61,0
44,1,68.38,Hà Nội,Khác,9,7.21,0,0,0.18,0
32,1,70.88,Cần Thơ,Sinh viên,30,6.27,3,1,0.55,0
18,1,49.85,Hồ Chí Minh,Văn phòng,6,2.13,2,1,0.22,1
31,1,38.61,Hải Phòng,Lao động tự do,11,4.49,4,1,0.28,0
17,1,0.0,Hải Phòng,Học sinh,19,3.91,2,1,0.0,0
28,1,83.18,Hải Phòng,Khác,10,9.38,3,1,0.48,0
14,1,0.0,Hải Phòng,Học sinh,9,0.37,5,1,0.0,0
18,0,35.45,Đà Lạt,Buôn bán,11,9.55,1,1,0.13,0
49,1,86.55,Cần Thơ,Lao động tự do,10,9.48,0,0,0.3,1
48,0,22.0,Hà Nội,Lao động tự do,17,7.44,1,1,0.65,0
30,1,46.0,Hà Nội,Sinh viên,26,8.66,5,1,0.63,0
17,1,0.0,Đà Lạt,Học sinh,3,7.03,0,0,0.0,1
24,0,13.46,Đà Lạt,Sinh viên,30,7.52,2,1,0.41,1
12,1,0.0,Hồ Chí Minh,Học sinh,14,7.19,2,1,0.0,0
27,1,59.47,Đà Lạt,Khác,23,7.28,3,1,0.22,1
34,1,38.02,Cần Thơ,Buôn bán,20,2.94,1,1,0.6,0
31,1,80.2,Đà Lạt,Buôn bán,12,2.05,0,0,0.2,0
27,1,10.64,Hải Phòng,Sinh viên,9,3.33,4,1,0.37,0
24,1,96.53,Đà Nẵng,Văn phòng,13,1.88,4,1,0.15,0
35,0,52.09,Đà Lạt,Sinh viên,28,9.36,2,1,0.12,1
12,0,0.0,Đà Lạt,Học sinh,29,4.36,0,0,0.0,1
35,1,53.87,Đà Lạt,Lao động tự do,27,9.27,5,1,0.41,0
35,0,33.64,Cần Thơ,Khác,20,5.82,5,1,0.67,1
14,0,0.0,Hải Phòng,Học sinh,9,5.81,0,0,0.0,1
17,0,0.0,Hải Phòng,Học sinh,12,2.62,3,1,0.0,0
42,0,91.86,Đà Lạt,Sinh viên,16,6.27,2,1,0.67,0
18,1,58.38,Đà Nẵng,Sinh viên,16,0.29,1,1,0.37,1
16,0,0.0,Hồ Chí Minh,Học sinh,21,5.41,0,0,0.0,1
29,1,36.59,Đà Lạt,Buôn bán,9,9.9,3,1,0.18,1
32,0,90.62,Hà Nội,Văn phòng,27,2.43,3,1,0.39,1
47,0,26.88,Đà Nẵng,Khác,12,5.07,2,1,0.11,1
25,1,86.03,Hồ Chí Minh,Lao động tự do,26,7.08,2,1,0.18,0
37,1,44.99,Đà Lạt,Lao động tự do,27,4.61,0,0,0.62,0
40,0,32.29,Hồ Chí Minh,Văn phòng,27,6.92,3,1,0.29,1
23,0,76.28,Đà Lạt,Sinh viên,5,1.11,0,0,0.31,0
44,1,74.0,Hải Phòng,Lao động tự do,9,3.13,3,1,0.41,1
30,1,10.24,Hồ Chí Minh,Khác,18,6.09,1,1,0.14,0
48,0,45.59,Đà Lạt,Sinh viên,14,0.35,1,1,0.35,0
29,1,65.82,Đà Lạt,Văn phòng,23,8.78,1,1,0.27,0
23,0,75.02,Hải Phòng,Khác,8,2.21,2,1,0.18,1
18,0,74.49,Đà Nẵng,Văn phòng,2,2.7,3,1,0.36,0
29,1,42.37,Hải Phòng,Khác,16,1.87,0,0,0.14,1
13,0,0.0,Cần Thơ,Học sinh,19,1.8,2,1,0.0,1
30,0,75.43,Đà Nẵng,Văn phòng,19,8.53,4,1,0.24,1
18,0,24.07,Hồ Chí Minh,Lao động tự do,7,4.34,4,1,0.1,0
36,0,66.86,Đà Lạt,Sinh viên,1,4.47,2,1,0.37,0
44,0,39.05,Cần Thơ,Khác,17,4.49,3,1,0.18,1
44,1,37.16,Hải Phòng,Văn phòng,21,6.3,3,1,0.12,0
17,1,0.0,Hà Nội,Học sinh,17,5.31,1,1,0.0,1
20,0,54.93,Đà Lạt,Buôn bán,9,2.69,2,1,0.51,0
17,1,0.0,Đà Lạt,Học sinh,2,4.91,1,1,0.0,0
16,1,0.0,Đà Nẵng,Học sinh,22,4.38,4,1,0.0,1
28,0,33.4,Đà Lạt,Buôn bán,5,3.9,3,1,0.47,1
30,1,76.23,Đà Nẵng,Sinh viên,28,8.59,1,1,0.3,1
45,1,85.27,Hải Phòng,Văn phòng,30,3.51,1,1,0.14,1
44,0,56.28,Hà Nội,Sinh viên,2,6.52,0,0,0.65,0
47,0,87.25,Đà Nẵng,Văn phòng,1,4.72,4,1,0.67,0
38,1,15.94,Hải Phòng,Lao động tự do,5,9.14,2,1,0.39,0
24,0,15.14,Hải Phòng,Buôn bán,4,1.3,2,1,0.16,0
46,1,50.41,Hải Phòng,Văn phòng,22,4.97,1,1,0.5,1
27,1,70.45,Đà Nẵng,Sinh viên,5,1.06,2,1,0.48,0
18,1,64.52,Hồ Chí Minh,Lao động tự do,17,3.46,0,0,0.15,1
30,1,15.13,Cần Thơ,Buôn bán,22,4.0,4,1,0.11,0
30,0,99.85,Đà Lạt,Khác,24,3.53,2,1,0.26,0
40,0,71.82,Đà Nẵng,Văn phòng,9,2.1,3,1,0.27,1
42,0,87.27,Hà Nội,Sinh viên,0,0.82,1,1,0.21,0
45,1,16.37,Hải Phòng,Văn phòng,17,8.35,3,1,0.5,0
28,0,38.27,Hà Nội,Lao động tự do,0,0.38,4,1,0.45,0
40,0,14.33,Đà Nẵng,Khác,12,2.16,1,1,0.56,0
22,0,30.96,Đà Nẵng,Văn phòng,15,5.76,1,1,0.46,1
33,1,33.31,Đà Nẵng,Văn phòng,16,8.96,4,1,0.67,0
47,1,71.56,Hồ Chí Minh,Lao động tự do,27,5.23,3,1,0.21,0
40,1,56.19,Hà Nội,Khác,4,1.46,5,1,0.37,1
60,0,25.02,Cần Thơ,Buôn bán,3,2.41,1,1,0.31,1
32,1,55.95,Hải Phòng,Khác,18,8.33,5,1,0.31,0
22,1,71.71,Đà Nẵng,Khác,25,6.88,2,1,0.58,0
32,0,54.03,Hải Phòng,Văn phòng,13,4.41,2,1,0.44,0
48,0,95.76,Hà Nội,Sinh viên,9,7.39,0,0,0.38,1
48,0,33.14,Hải Phòng,Khác,23,7.92,4,1,0.28,0
17,1,0.0,Đà Nẵng,Học sinh,2,4.08,5,1,0.0,0
43,0,91.86,Hồ Chí Minh,Khác,30,1.81,0,0,0.58,0
32,0,79.3,Cần Thơ,Khác,4,1.4,4,1,0.68,0
33,0,29.19,Đà Lạt,Khác,28,8.17,0,0,0.26,0
23,1,24.99,Đà Nẵng,Sinh viên,11,1.42,0,0,0.11,0
53,1,80.79,Cần Thơ,Lao động tự do,17,3.09,4,1,0.37,1
35,0,21.5,Hà Nội,Văn phòng,21,5.37,4,1,0.12,1
51,1,45.13,Đà Nẵng,Buôn bán,16,8.87,0,0,0.53,0
27,1,76.24,Hồ Chí Minh,Sinh viên,27,6.24,1,1,0.2,1
28,1,69.79,Hà Nội,Lao động tự do,10,7.64,2,1,0.11,0
20,0,77.55,Đà Lạt,Sinh viên,27,7.19,2,1,0.63,0
36,1,41.65,Cần Thơ,Sinh viên,9,6.3,4,1,0.45,0
28,1,73.1,Hà Nội,Buôn bán,20,6.29,4,1,0.7,0
13,0,0.0,Đà Lạt,Học sinh,16,8.7,1,1,0.0,0
35,0,54.31,Hà Nội,Sinh viên,9,0.86,5,1,0.25,1
42,1,67.34,Đà Lạt,Khác,18,1.34,1,1,0.66,0
34,0,14.57,Đà Nẵng,Sinh viên,19,4.09,4,1,0.66,1
22,1,62.72,Đà Nẵng,Văn phòng,2,4.33,0,0,0.2,1
44,0,53.17,Đà Lạt,Văn phòng,0,6.75,4,1,0.64,0
21,0,58.0,Hải Phòng,Sinh viên,10,6.86,5,1,0.61,0
30,0,93.26,Hồ Chí Minh,Lao động tự do,15,8.8,2,1,0.3,0
37,0,68.51,Đà Nẵng,Khác,24,0.36,4,1,0.47,0
12,1,0.0,Hải Phòng,Học sinh,0,4.03,1,1,0.0,0
34,1,90.78,Cần Thơ,Lao động tự do,30,6.91,1,1,0.66,1
39,1,36.02,Đà Lạt,Lao động tự do,10,1.87,2,1,0.19,0
17,0,0.0,Đà Lạt,Học sinh,4,9.83,3,1,0.0,0
14,1,0.0,Hà Nội,Học sinh,2,0.54,4,1,0.0,1
38,1,91.29,Hải Phòng,Buôn bán,19,5.01,5,1,0.5,0
17,1,0.0,Hồ Chí Minh,Học sinh,8,1.54,0,0,0.0,1
24,0,96.61,Đà Nẵng,Buôn bán,11,7.64,1,1,0.48,0
38,0,98.11,Cần Thơ,Khác,30,2.11,5,1,0.62,0
26,1,10.06,Hồ Chí Minh,Lao động tự do,24,1.04,5,1,0.26,1
13,1,0.0,Hồ Chí Minh,Học sinh,12,9.61,1,1,0.0,1
17,0,0.0,Hải Phòng,Học sinh,15,7.15,1,1,0.0,0
24,1,21.44,Hải Phòng,Lao động tự do,15,4.54,1,1,0.52,0
18,0,42.29,Hà Nội,Khác,28,3.97,2,1,0.58,0
30,0,86.21,Đà Lạt,Sinh viên,6,5.56,0,0,0.3,1
17,0,0.0,Đà Nẵng,Học sinh,2,6.07,1,1,0.0,0
31,1,80.06,Hồ Chí Minh,Lao động tự do,28,4.63,0,0,0.12,0
37,1,42.09,Đà Lạt,Sinh viên,16,6.74,2,1,0.33,0
15,1,0.0,Đà Nẵng,Học sinh,24,2.1,3,1,0.0,1
28,0,60.74,Cần Thơ,Khác,5,9.17,4,1,0.61,0
46,0,83.88,Đà Lạt,Khác,30,3.23,4,1,0.18,0
34,1,93.1,Hồ Chí Minh,Lao động tự do,17,1.32,4,1,0.52,0
37,1,57.53,Hồ Chí Minh,Lao động tự do,29,1.18,2,1,0.33,1
17,1,0.0,Cần Thơ,Học sinh,22,1.2,2,1,0.0,0
33,1,93.99,Đà Nẵng,Buôn bán,22,8.5,2,1,0.38,0
26,1,20.62,Hải Phòng,Văn phòng,17,1.72,1,1,0.12,0
15,0,0.0,Đà Nẵng,Học sinh,11,1.78,5,1,0.0,0
43,0,22.25,Hà Nội,Văn phòng,21,4.96,3,1,0.28,0
44,0,15.55,Cần Thơ,Buôn bán,7,4.1,2,1,0.44,1
26,0,24.36,Đà Nẵng,Sinh viên,5,5.29,2,1,0.63,0
20,1,28.91,Hải Phòng,Sinh viên,6,1.15,5,1,0.11,1
32,1,18.33,Đà Nẵng,Khác,23,6.45,1,1,0.7,0
31,1,92.86,Hà Nội,Khác,11,2.13,3,1,0.47,0
28,1,95.31,Đà Nẵng,Buôn bán,27,4.86,5,1,0.34,0
37,1,72.33,Hải Phòng,Sinh viên,3,3.54,4,1,0.16,0
41,0,27.13,Hải Phòng,Sinh viên,29,3.82,5,1,0.21,1
44,1,45.12,Cần Thơ,Sinh viên,6,4.96,4,1,0.43,0
30,1,47.75,Cần Thơ,Sinh viên,22,8.95,4,1,0.23,0
24,1,78.12,Hà Nội,Văn phòng,17,1.73,4,1,0.58,0
31,0,39.5,Đà Nẵng,Lao động tự do,9,4.03,2,1,0.12,1
40,0,29.39,Đà Lạt,Văn phòng,9,4.76,5,1,0.19,1
42,1,94.68,Hồ Chí Minh,Văn phòng,1,9.29,1,1,0.37,1
32,0,65.97,Hải Phòng,Lao động tự do,0,8.44,3,1,0.42,1
24,0,22.75,Đà Nẵng,Văn phòng,16,4.35,0,0,0.15,0
18,1,99.34,Hải Phòng,Văn phòng,17,8.82,3,1,0.5,1
32,1,53.67,Đà Lạt,Sinh viên,16,1.68,5,1,0.4,0
49,1,86.37,Cần Thơ,Sinh viên,0,5.27,3,1,0.54,0
16,1,0.0,Hà Nội,Học sinh,12,5.79,4,1,0.0,0
60,1,42.35,Đà Nẵng,Khác,13,4.45,0,0,0.67,0
41,1,31.37,Hà Nội,Lao động tự do,24,7.19,5,1,0.26,0
33,0,35.77,Hà Nội,Khác,23,1.1,3,1,0.49,1
21,1,47.27,Đà Lạt,Lao động tự do,23,5.98,4,1,0.7,0
18,0,95.95,Hồ Chí Minh,Văn phòng,1,9.45,3,1,0.61,1
18,0,33.12,Hải Phòng,Sinh viên,27,3.6,0,0,0.6,1
14,0,0.0,Đà Lạt,Học sinh,24,0.44,4,1,0.0,0
37,1,57.7,Hồ Chí Minh,Buôn bán,24,6.47,5,1,0.41,1
44,0,48.41,Hồ Chí Minh,Buôn bán,7,4.17,2,1,0.48,0
18,1,49.65,Đà Lạt,Lao động tự do,9,4.43,2,1,0.58,0
17,1,0.0,Đà Nẵng,Học sinh,5,5.15,0,0,0.0,1
34,1,27.06,Cần Thơ,Lao động tự do,14,2.03,1,1,0.63,0
34,0,15.24,Đà Lạt,Sinh viên,5,5.89,0,0,0.19,1
13,1,0.0,Đà Lạt,Học sinh,19,7.23,2,1,0.0,0
15,1,0.0,Hải Phòng,Học sinh,5,5.64,4,1,0.0,0
37,0,57.66,Hải Phòng,Sinh viên,13,7.15,2,1,0.49,0
34,1,15.72,Hồ Chí Minh,Buôn bán,21,6.06,1,1,0.7,0
40,0,64.05,Đà Lạt,Khác,21,6.17,2,1,0.24,1
17,1,0.0,Cần Thơ,Học sinh,16,9.48,2,1,0.0,1
21,0,95.19,Cần Thơ,Sinh viên,30,6.6,1,1,0.37,1
15,1,0.0,Hồ Chí Minh,Học sinh,4,6.24,5,1,0.0,1
27,0,42.38,Hồ Chí Minh,Văn phòng,18,9.71,1,1,0.4,1
16,0,0.0,Cần Thơ,Học sinh,9,7.07,0,0,0.0,0
32,0,29.96,Cần Thơ,Buôn bán,16,9.63,0,0,0.69,1
15,1,0.0,Đà Nẵng,Học sinh,3,5.62,4,1,0.0,1
34,0,86.1,Hà Nội,Sinh viên,6,0.95,4,1,0.24,1
30,0,29.06,Hà Nội,Sinh viên,1,9.6,4,1,0.64,0
29,0,42.35,Đà Lạt,Lao động tự do,4,5.57,5,1,0.17,0
42,0,89.94,Hà Nội,Sinh viên,6,7.16,3,1,0.21,1
23,0,56.71,Cần Thơ,Buôn bán,8,0.91,0,0,0.4,0
33,0,36.51,Hà Nội,Lao động tự do,2,7.62,5,1,0.27,0
18,0,95.97,Cần Thơ,Khác,20,5.96,4,1,0.21,0
34,1,69.04,Cần Thơ,Buôn bán,22,4.23,3,1,0.37,0
17,0,0.0,Đà Lạt,Học sinh,15,0.65,4,1,0.0,0
35,0,94.77,Đà Nẵng,Văn phòng,14,8.74,1,1,0.5,0
25,0,42.06,Hà Nội,Văn phòng,13,3.05,2,1,0.61,0
26,1,79.22,Cần Thơ,Khác,10,5.84,0,0,0.43,1
18,0,83.67,Hà Nội,Văn phòng,3,9.37,2,1,0.22,0
17,0,0.0,Hải Phòng,Học sinh,0,1.06,5,1,0.0,1
14,0,0.0,Hồ Chí Minh,Học sinh,23,1.18,4,1,0.0,1
33,1,83.65,Hà Nội,Văn phòng,3,2.89,5,1,0.52,0
42,1,95.31,Cần Thơ,Văn phòng,23,3.41,4,1,0.15,0
35,0,64.18,Đà Nẵng,Khác,5,8.95,2,1,0.35,1
30,1,26.05,Hà Nội,Sinh viên,7,5.88,2,1,0.25,0
43,0,60.37,Đà Nẵng,Sinh viên,23,4.45,1,1,0.33,1
46,1,23.68,Cần Thơ,Buôn bán,29,2.83,5,1,0.62,0
26,0,64.67,Hải Phòng,Lao động tự do,12,2.57,1,1,0.13,0
14,0,0.0,Đà Nẵng,Học sinh,2,3.13,4,1,0.0,0
41,0,16.55,Hồ Chí Minh,Khác,26,8.04,3,1,0.51,1
18,1,69.57,Hồ Chí Minh,Sinh viên,23,6.12,1,1,0.28,0
45,0,81.86,Hà Nội,Lao động tự do,19,5.47,3,1,0.24,0
13,0,0.0,Đà Lạt,Học sinh,11,1.35,0,0,0.0,0
32,0,63.22,Hải Phòng,Khác,18,0.8,2,1,0.55,0
35,1,87.2,Đà Lạt,Sinh viên,14,4.62,1,1,0.11,0
31,0,73.79,Cần Thơ,Lao động tự do,12,0.09,2,1,0.37,0
45,0,52.94,Hà Nội,Sinh viên,0,8.83,0,0,0.14,1
13,0,0.0,Hà Nội,Học sinh,21,5.21,3,1,0.0,0
12,1,0.0,Hồ Chí Minh,Học sinh,27,0.68,0,0,0.0,0
37,0,81.36,Hồ Chí Minh,Khác,28,5.62,3,1,0.24,1
38,1,24.83,Hải Phòng,Sinh viên,15,8.08,5,1,0.54,0
44,1,22.45,Hồ Chí Minh,Sinh viên,0,4.84,0,0,0.46,0
18,1,39.97,Hà Nội,Lao động tự do,19,4.01,0,0,0.51,0
49,0,18.82,Hải Phòng,Lao động tự do,16,1.03,5,1,0.17,0
40,0,96.21,Đà Nẵng,Văn phòng,7,3.37,2,1,0.21,0
12,0,0.0,Cần Thơ,Học sinh,1,1.35,3,1,0.0,0
40,0,73.88,Đà Nẵng,Sinh viên,22,8.01,1,1,0.69,1
35,1,21.2,Hồ Chí Minh,Khác,0,4.08,1,1,0.15,0
27,1,24.09,Hải Phòng,Sinh viên,14,1.11,2,1,0.2,1
44,1,56.3,Hà Nội,Buôn bán,13,1.98,1,1,0.29,0
43,1,30.41,Cần Thơ,Khác,15,3.89,2,1,0.57,0
22,0,88.55,Đà Lạt,Buôn bán,30,0.82,0,0,0.22,1
12,1,0.0,Hồ Chí Minh,Học sinh,27,2.68,0,0,0.0,0
28,1,39.57,Đà Lạt,Buôn bán,26,4.38,1,1,0.21,0
27,1,38.95,Hải Phòng,Sinh viên,2,8.55,2,1,0.66,0
13,1,0.0,Đà Nẵng,Học sinh,10,4.63,2,1,0.0,0
41,0,54.26,Đà Lạt,Lao động tự do,21,1.16,1,1,0.58,0
14,0,0.0,Hải Phòng,Học sinh,7,0.43,2,1,0.0,0
39,0,53.48,Cần Thơ,Khác,20,0.74,2,1,0.66,0
38,0,44.14,Cần Thơ,Khác,26,5.34,5,1,0.35,1
54,0,13.56,Cần Thơ,Văn phòng,8,3.85,0,0,0.52,1
46,1,56.04,Hải Phòng,Khác,25,1.33,2,1,0.37,0
18,0,83.08,Hồ Chí Minh,Lao động tự do,0,5.4,3,1,0.14,0
34,1,73.98,Hải Phòng,Khác,14,0.25,1,1,0.25,1
30,0,58.67,Hải Phòng,Lao động tự do,20,2.96,5,1,0.67,0
15,1,0.0,Đà Nẵng,Học sinh,14,8.71,3,1,0.0,0
45,1,86.54,Hà Nội,Khác,14,4.73,3,1,0.15,0
18,1,77.38,Hà Nội,Khác,24,3.57,0,0,0.5,1
17,1,0.0,Hà Nội,Học sinh,8,8.43,4,1,0.0,0
16,1,0.0,Đà Lạt,Học sinh,19,8.03,0,0,0.0,0
50,1,90.67,Đà Lạt,Khác,14,6.69,2,1,0.52,1
14,0,0.0,Hà Nội,Học sinh,10,8.32,2,1,0.0,0
23,0,11.39,Đà Nẵng,Buôn bán,8,2.83,1,1,0.53,0
14,0,0.0,Cần Thơ,Học sinh,18,8.95,0,0,0.0,1
12,1,0.0,Đà Nẵng,Học sinh,12,6.06,4,1,0.0,0
43,1,44.51,Cần Thơ,Lao động tự do,3,0.14,0,0,0.27,1
14,0,0.0,Cần Thơ,Học sinh,11,9.17,5,1,0.0,0
41,0,55.52,Cần Thơ,Buôn bán,8,1.55,5,1,0.15,1
12,1,0.0,Hà Nội,Học sinh,24,4.5,4,1,0.0,0
19,0,54.14,Hà Nội,Văn phòng,17,8.88,1,1,0.25,1
29,0,67.04,Hồ Chí Minh,Sinh viên,14,6.03,2,1,0.33,0
18,0,11.21,Hà Nội,Sinh viên,22,6.25,4,1,0.4,0
12,0,0.0,Hồ Chí Minh,Học sinh,6,3.39,3,1,0.0,0
35,1,57.17,Cần Thơ,Lao động tự do,21,3.13,0,0,0.7,0
30,0,13.89,Hà Nội,Lao động tự do,9,5.95,5,1,0.6,0
16,1,0.0,Cần Thơ,Học sinh,13,9.59,1,1,0.0,0
39,0,75.16,Hồ Chí Minh,Sinh viên,4,9.19,1,1,0.51,0
35,1,82.39,Cần Thơ,Buôn bán,8,0.16,4,1,0.44,1
39,1,17.42,Cần Thơ,Buôn bán,0,0.75,0,0,0.39,0
48,0,51.48,Hồ Chí Minh,Sinh viên,5,5.3,5,1,0.54,1
16,0,0.0,Hà Nội,Học sinh,25,9.46,0,0,0.0,1
44,1,29.72,Hà Nội,Lao động tự do,12,0.82,3,1,0.49,0
43,1,34.33,Hồ Chí Minh,Buôn bán,13,5.11,5,1,0.38,0
18,1,64.99,Hồ Chí Minh,Buôn bán,20,8.6,5,1,0.55,0
34,0,89.81,Đà Nẵng,Buôn bán,18,8.09,1,1,0.16,0
35,1,31.03,Hồ Chí Minh,Lao động tự do,11,1.39,2,1,0.56,0
20,0,44.19,Hồ Chí Minh,Văn phòng,16,2.58,2,1,0.17,1
15,0,0.0,Đà Nẵng,Học sinh,8,2.28,5,1,0.0,1
34,0,49.48,Hồ Chí Minh,Sinh viên,18,3.86,1,1,0.67,1
18,1,23.27,Đà Lạt,Buôn bán,3,1.08,4,1,0.53,1
34,0,58.67,Hà Nội,Văn phòng,25,8.96,4,1,0.62,0
39,1,60.54,Hồ Chí Minh,Khác,0,4.45,3,1,0.27,1
44,1,69.57,Hà Nội,Lao động tự do,14,9.68,5,1,0.64,0
37,1,84.29,Đà Nẵng,Sinh viên,29,6.7,1,1,0.2,0
13,0,0.0,Đà Nẵng,Học sinh,13,9.04,1,1,0.0,0
16,1,0.0,Hồ Chí Minh,Học sinh,12,7.87,2,1,0.0,0
46,1,17.17,Hải Phòng,Khác,26,3.89,5,1,0.37,1
26,1,23.27,Hồ Chí Minh,Sinh viên,9,4.33,1,1,0.5,0
47,0,14.82,Hà Nội,Buôn bán,26,8.82,4,1,0.22,0
12,1,0.0,Hà Nội,Học sinh,11,7.24,5,1,0.0,0
13,0,0.0,Hồ Chí Minh,Học sinh,2,1.63,3,1,0.0,0
54,1,21.61,Hà Nội,Sinh viên,27,2.96,4,1,0.63,0
33,1,46.22,Đà Nẵng,Lao động tự do,4,9.67,0,0,0.28,0
53,1,97.54,Hải Phòng,Khác,15,6.57,0,0,0.29,1
53,0,16.12,Đà Lạt,Lao động tự do,26,7.44,4,1,0.54,0
33,0,26.95,Hà Nội,Khác,2,5.21,5,1,0.7,0
39,0,94.96,Cần Thơ,Lao động tự do,3,8.31,0,0,0.41,0
16,1,0.0,Đà Lạt,Học sinh,10,7.78,2,1,0.0,0
16,0,0.0,Cần Thơ,Học sinh,25,0.81,2,1,0.0,1
55,1,73.54,Đà Lạt,Buôn bán,30,7.06,0,0,0.49,0
36,0,56.32,Đà Lạt,Sinh viên,15,9.01,1,1,0.41,0
33,1,20.89,Hải Phòng,Khác,6,1.68,5,1,0.34,0
17,0,0.0,Hải Phòng,Học sinh,7,7.79,4,1,0.0,0
40,1,12.18,Đà Nẵng,Sinh viên,29,4.27,4,1,0.21,0
31,1,15.54,Hải Phòng,Khác,18,1.33,1,1,0.51,0
18,0,42.73,Cần Thơ,Sinh viên,3,5.16,2,1,0.68,0
15,0,0.0,Hồ Chí Minh,Học sinh,22,3.59,0,0,0.0,1
49,1,87.76,Hồ Chí Minh,Buôn bán,2,1.86,3,1,0.17,1
25,1,59.89,Hồ Chí Minh,Buôn bán,14,1.05,2,1,0.13,1
39,0,26.51,Đà Nẵng,Sinh viên,25,2.14,3,1,0.61,0
28,0,67.53,Hà Nội,Văn phòng,3,4.53,1,1,0.49,0
31,0,78.45,Hải Phòng,Văn phòng,3,6.53,2,1,0.22,1
44,0,99.9,Đà Lạt,Sinh viên,27,9.84,3,1,0.24,0
12,1,0.0,Đà Lạt,Học sinh,24,0.45,3,1,0.0,0
37,1,85.1,Hà Nội,Buôn bán,18,6.16,0,0,0.27,0
12,1,0.0,Đà Lạt,Học sinh,12,8.55,1,1,0.0,0
26,0,49.55,Đà Nẵng,Buôn bán,22,7.18,4,1,0.51,0
31,1,89.54,Đà Nẵng,Buôn bán,6,1.14,5,1,0.52,0
41,1,58.86,Hải Phòng,Lao động tự do,1,9.72,0,0,0.18,1
24,0,32.83,Cần Thơ,Sinh viên,25,5.64,3,1,0.23,0
29,0,31.53,Hồ Chí Minh,Sinh viên,9,7.85,3,1,0.32,0
43,1,41.94,Hồ Chí Minh,Văn phòng,2,7.25,1,1,0.43,1
35,0,85.64,Hà Nội,Buôn bán,20,7.9,3,1,0.6,1
13,0,0.0,Hà Nội,Học sinh,18,5.93,1,1,0.0,1
19,1,80.16,Hà Nội,Buôn bán,5,9.42,3,1,0.52,1
35,1,32.97,Cần Thơ,Sinh viên,24,1.93,4,1,0.24,0
46,0,20.2,Hải Phòng,Khác,0,2.96,4,1,0.64,1
17,1,0.0,Cần Thơ,Học sinh,1,3.7,3,1,0.0,1
15,1,0.0,Đà Lạt,Học sinh,26,9.33,2,1,0.0,1
35,0,70.76,Đà Nẵng,Lao động tự do,7,2.26,4,1,0.41,0
24,0,75.24,Hải Phòng,Khác,17,9.98,0,0,0.69,0
26,1,25.84,Hà Nội,Văn phòng,17,5.82,0,0,0.65,1
45,0,38.19,Đà Lạt,Khác,30,8.89,5,1,0.38,0
45,1,60.93,Cần Thơ,Buôn bán,8,7.31,0,0,0.41,1
33,0,46.55,Hà Nội,Lao động tự do,28,7.52,3,1,0.12,0
31,0,39.4,Hải Phòng,Khác,12,1.33,2,1,0.11,0
16,1,0.0,Hải Phòng,Học sinh,21,6.91,5,1,0.0,0
13,1,0.0,Hồ Chí Minh,Học sinh,20,8.91,2,1,0.0,1
36,0,27.09,Hà Nội,Văn phòng,20,6.71,4,1,0.19,1
46,0,12.83,Hà Nội,Buôn bán,20,6.94,4,1,0.31,1
22,0,97.69,Đà Lạt,Buôn bán,17,5.2,1,1,0.66,0
58,0,53.42,Hà Nội,Buôn bán,28,5.02,1,1,0.55,0
41,1,61.26,Hà Nội,Khác,27,8.82,2,1,0.63,0
14,0,0.0,Đà Nẵng,Học sinh,12,6.91,3,1,0.0,0
42,0,41.98,Hải Phòng,Buôn bán,3,7.97,2,1,0.43,1
47,0,13.01,Hà Nội,Văn phòng,13,4.4,5,1,0.37,0
27,0,67.58,Đà Nẵng,Buôn bán,18,5.56,2,1,0.21,0
39,1,18.65,Đà Lạt,Buôn bán,10,7.09,2,1,0.43,0
42,0,28.78,Hà Nội,Lao động tự do,27,5.82,3,1,0.2,1
37,1,63.95,Hồ Chí Minh,Văn phòng,24,0.51,4,1,0.28,1
15,1,0.0,Hà Nội,Học sinh,8,8.9,5,1,0.0,0
36,1,60.35,Đà Lạt,Buôn bán,15,6.16,4,1,0.33,1
13,0,0.0,Hà Nội,Học sinh,21,3.81,0,0,0.0,1
39,1,87.21,Hải Phòng,Khác,28,3.28,1,1,0.24,1
35,0,51.0,Đà Lạt,Buôn bán,7,2.92,3,1,0.11,1
44,0,86.72,Đà Nẵng,Khác,12,0.29,0,0,0.34,0
